codon,protein1,protein3,codon_counts,protein_counts
CTT,L,Leu,472944,1830673
ATG,M,Met,468896,468896
ACA,T,Thr,313737,970213
ACG,T,Thr,136685,970213
ATC,I,Ile,330634,1013080
ATA,I,Ile,260401,1013080
AGG,R,Arg,213530,1039626
CCT,P,Pro,357235,915652
AGC,S,Ser,222328,1769339
AGA,R,Arg,375388,1039626
ATT,I,Ile,422045,1013080
CTG,L,Leu,201124,1830673
CTA,L,Leu,197261,1830673
CTC,L,Leu,287517,1830673
CCG,P,Pro,147224,915652
AGT,S,Ser,291143,1769339
CCA,P,Pro,312937,915652
CCC,P,Pro,98256,915652
TAT,Y,Tyr,291560,535557
GGT,G,Gly,409133,1221319
CGA,R,Arg,122100,1039626
CGC,R,Arg,71093,1039626
CGG,R,Arg,92927,1039626
GGG,G,Gly,194851,1221319
GGA,G,Gly,448218,1221319
GGC,G,Gly,169117,1221319
TAC,Y,Tyr,243997,535557
CGT,R,Arg,164588,1039626
GTA,V,Val,202590,1272378
GTC,V,Val,229385,1272378
GTG,V,Val,321172,1272378
GAG,E,Glu,614688,1307439
GTT,V,Val,519231,1272378
GAC,D,Asp,317526,1041177
AAG,K,Lys,618589,1226430
AAA,K,Lys,607841,1226430
AAC,N,Asn,384453,842041
ACT,T,Thr,335873,970213
CAT,H,His,277107,436773
AAT,N,Asn,457588,842041
CAC,H,His,159666,436773
CAA,Q,Gln,386910,687530
CAG,Q,Gln,300620,687530
TGT,C,Cys,210529,351715
TCT,S,Ser,500313,1769339
GAT,D,Asp,723651,1041177
TTT,F,Phe,435787,808271
TGC,C,Cys,141186,351715
TGG,W,Trp,234416,234416
TTC,F,Phe,372484,808271
TCG,S,Ser,170836,1769339
TTA,L,Leu,258045,1830673
TTG,L,Leu,413782,1830673
TCC,S,Ser,209992,1769339
GAA,E,Glu,692751,1307439
TCA,S,Ser,374727,1769339
GCA,A,Ala,346156,1206261
GCC,A,Ala,180413,1206261
GCG,A,Ala,155053,1206261
GCT,A,Ala,524639,1206261
ACC,T,Thr,183918,970213
TAA,*,STOP,16222,44408
TAG,*,STOP,9096,44408
TGA,*,STOP,19090,44408
