Triplet,Amino acid,Fraction,Frequency/ Thousand,Number,codon,protein1,protein3,codon_counts,protein_counts,protein1_counts,codon_frequency,Fraction_self_count,Frequency_self_count/ Thousand,
AAA,K,0.48,30.7,749448,AAA,K,Lys,607841,1226430,1226430,0.031620188,0.495618176,31.62018757,
AAC,N,0.48,20.9,508277,AAC,N,Asn,384453,842041,842041,0.019999434,0.45657278,19.99943402,
AAG,K,0.52,32.8,798966,AAG,K,Lys,618589,1226430,1226430,0.032179304,0.504381824,32.17930381,
AAT,N,0.52,22.3,543539,AAT,N,Asn,457588,842041,842041,0.023803953,0.54342722,23.80395266,
ACA,T,0.3,15.7,381774,ACA,T,Thr,313737,970213,970213,0.016320753,0.323369198,16.32075294,
ACC,T,0.2,10.4,252577,ACC,T,Thr,183918,970213,970213,0.009567505,0.18956456,9.567504755,
ACG,T,0.15,7.7,186589,ACG,T,Thr,136685,970213,970213,0.007110421,0.140881435,7.11042088,
ACT,T,0.34,17.7,431031,ACT,T,Thr,335873,970213,970213,0.017472279,0.346184807,17.47227854,
AGA,R,0.35,18.8,457927,AGA,R,Arg,375388,1039626,1039626,0.019527868,0.36107985,19.52786826,
AGC,S,0.13,11.2,273815,AGC,S,Ser,222328,1769339,1769339,0.011565612,0.125655965,11.56561183,
AGG,R,0.2,10.9,266406,AGG,R,Arg,213530,1039626,1039626,0.011107936,0.20539117,11.10793555,
AGT,S,0.16,13.9,339903,AGT,S,Ser,291143,1769339,1769339,0.015145402,0.164549021,15.14540196,
ATA,I,0.24,12.5,305594,ATA,I,Ile,260401,1013080,1013080,0.013546188,0.257038931,13.54618801,
ATC,I,0.35,18.6,452968,ATC,I,Ile,330634,1013080,1013080,0.017199743,0.326365144,17.19974319,
ATG,M,1,24.4,594807,ATG,M,Met,468896,468896,468896,0.0243922,1,24.39220038,
ATT,I,0.41,21.7,528593,ATT,I,Ile,422045,1013080,1013080,0.021954988,0.416595925,21.95498833,
CAA,Q,0.56,19.3,470475,CAA,Q,Gln,386910,687530,687530,0.020127248,0.562753625,20.12724836,
CAC,H,0.39,8.7,211635,CAC,H,His,159666,436773,436773,0.008305904,0.365558311,8.305903795,
CAG,Q,0.44,15.2,371091,CAG,Q,Gln,300620,687530,687530,0.0156384,0.437246375,15.63840015,
CAT,H,0.61,13.7,334012,CAT,H,His,277107,436773,436773,0.014415242,0.634441689,14.41524234,
CCA,P,0.33,16.2,393957,CCA,P,Pro,312937,915652,915652,0.016279137,0.34176412,16.27913655,
CCC,P,0.11,5.3,129838,CCC,P,Pro,98256,915652,915652,0.005111325,0.107307143,5.111325412,
CCG,P,0.17,8.5,207684,CCG,P,Pro,147224,915652,915652,0.007658665,0.160785975,7.65866484,
CCT,P,0.38,18.7,455638,CCT,P,Pro,357235,915652,915652,0.01858354,0.390142762,18.58354028,
CGA,R,0.12,6.3,152537,CGA,R,Arg,122100,1039626,1039626,0.006351702,0.117446082,6.351702012,
CGC,R,0.07,3.8,91869,CGC,R,Arg,71093,1039626,1039626,0.003698293,0.068383246,3.698292802,
CGG,R,0.09,4.8,117195,CGG,R,Arg,92927,1039626,1039626,0.004834108,0.089385029,4.834108213,
CGT,R,0.17,9,220192,CGT,R,Arg,164588,1039626,1039626,0.008561949,0.158314625,8.561948654,
CTA,L,0.11,9.9,240784,CTA,L,Leu,197261,1830673,1830673,0.010261614,0.107753269,10.26161417,
CTC,L,0.17,16.1,391502,CTC,L,Leu,287517,1830673,1830673,0.014956776,0.157055356,14.95677565,
CTG,L,0.11,9.9,240472,CTG,L,Leu,201124,1830673,1830673,0.010462569,0.109863422,10.46256933,
CTT,L,0.26,24.2,589767,CTT,L,Leu,472944,1830673,1830673,0.024602779,0.258344336,24.60277933,
GAA,E,0.52,34.3,836077,GAA,E,Glu,692751,1307439,1307439,0.036037248,0.5298534,36.0372475,
GAC,D,0.32,17.2,420193,GAC,D,Asp,317526,1041177,1041177,0.016517859,0.30496832,16.51785858,
GAG,E,0.49,32.3,786970,GAG,E,Glu,614688,1307439,1307439,0.031976372,0.4701466,31.97637188,
GAT,D,0.68,36.7,895566,GAT,D,Asp,723651,1041177,1041177,0.037644681,0.69503168,37.64468069,
GCA,A,0.27,17.6,427842,GCA,A,Ala,346156,1206261,1206261,0.018007205,0.286966088,18.00720525,
GCC,A,0.16,10.4,253877,GCC,A,Ala,180413,1206261,1206261,0.009385173,0.149563817,9.385172932,
GCG,A,0.14,8.9,217886,GCG,A,Ala,155053,1206261,1206261,0.008065933,0.128540175,8.065933268,
GCT,A,0.44,28.6,697575,GCT,A,Ala,524639,1206261,1206261,0.027291979,0.43492992,27.29197864,
GGA,G,0.37,24.3,592219,GGA,G,Gly,448218,1221319,1221319,0.023316521,0.366995028,23.31652066,
GGC,G,0.14,9.2,223041,GGC,G,Gly,169117,1221319,1221319,0.008797549,0.138470784,8.79754946,
GGG,G,0.15,10.2,249165,GGG,G,Gly,194851,1221319,1221319,0.010136245,0.159541447,10.13624479,
GGT,G,0.34,22.4,546544,GGT,G,Gly,409133,1221319,1221319,0.0212833,0.334992741,21.28329975,
GTA,V,0.15,10,242644,GTA,V,Val,202590,1272378,1272378,0.010538831,0.159221552,10.53883137,
GTC,V,0.19,12.8,312848,GTC,V,Val,229385,1272378,1272378,0.01193272,0.180280546,11.93272044,
GTG,V,0.26,17.4,423929,GTG,V,Val,321172,1272378,1272378,0.016707525,0.252418699,16.70752529,
GTT,V,0.41,27.4,668037,GTT,V,Val,519231,1272378,1272378,0.027010652,0.408079203,27.01065182,
TAA,*,0.36,0.9,22128,TAA,*,STOP,16222,44408,44408,0.000843876,0.365294542,0.843876413,
TAC,Y,0.48,13.9,337738,TAC,Y,Tyr,243997,535557,535557,0.012692844,0.455594829,12.69284386,
TAG,*,0.2,0.5,12250,TAG,*,STOP,9096,44408,44408,0.000473178,0.204827959,0.473178391,
TAT,Y,0.52,14.8,359583,TAT,Y,Tyr,291560,535557,535557,0.015167095,0.544405171,15.1670945,
TCA,S,0.2,18.1,440264,TCA,S,Ser,374727,1769339,1769339,0.019493483,0.211789261,19.49348272,
TCC,S,0.13,11.1,270545,TCC,S,Ser,209992,1769339,1769339,0.010923887,0.11868387,10.92388705,
TCG,S,0.1,9.2,223500,TCG,S,Ser,170836,1769339,1769339,0.008886973,0.096553572,8.886972685,
TCT,S,0.28,25,610403,TCT,S,Ser,500313,1769339,1769339,0.026026528,0.282768311,26.02652816,
TGA,*,0.44,1.1,26304,TGA,*,STOP,19090,44408,44408,0.000993071,0.4298775,0.993071183,
TGC,C,0.41,7.1,171924,TGC,C,Cys,141186,351715,351715,0.007344565,0.401421606,7.344565112,
TGG,W,1,12.5,304101,TGG,W,Trp,234416,234416,234416,0.012194436,1,12.19443553,
TGT,C,0.59,10.4,254179,TGT,C,Cys,210529,351715,351715,0.010951822,0.598578394,10.95182205,
TTA,L,0.13,12.6,308336,TTA,L,Leu,258045,1830673,1830673,0.013423628,0.140956359,13.42362773,
TTC,F,0.49,20.7,505253,TTC,F,Phe,372484,808271,808271,0.019376801,0.460840485,19.37680075,
TTG,L,0.22,20.9,508909,TTG,L,Leu,413782,1830673,1830673,0.021525143,0.226027259,21.52514301,
TTT,F,0.51,21.9,534456,TTT,F,Phe,435787,808271,808271,0.022669854,0.539159515,22.66985393,
